Name,Price,Has savings?,Savings,Domain
Grass fed Ground Beef,"('8.20', '')",False,,Tyner
Ground beef 4 oz Patties  (100 % grass fed),"('9.99', '')",False,,Tyner
Top Sirloin Steak (100% Grass-Fed),"('15.77', '')",True,"('13.77', '')",Tyner
Ribeye Steak 16 oz,"('26.90', '')",True,"('23.90', '')",Tyner
Beef Stew Meat (100% Grass-Fed.) 1 lb,"('11.59', '')",False,,Tyner
Grass-Fed Chuck Roast (1 to 3.5 lbs),"('22.47', '')",False,,Tyner
Filet Mignon (100% Grass-fed),"('22.11', '')",False,,Tyner
Grass-Fed 6 oz Ground Beef Patties 15 per case,"('44.95', '')",False,,Tyner
Cube Steak (100% Grass-Fed),"('12.99', '')",False,,Tyner
Grass-Fed Beef Arm Roast (1.5 to 2 lb),"('15.73', '')",False,,Tyner
New York Strip,"('22.98', '')",True,"('19.98', '')",Tyner
"Round/Sirloin Tip Roast (100% grass-fed, ~2 lbs)","('19.19', '')",False,,Tyner
Grass Fed Rump Roast,"('22.47', '')",False,,Tyner
"Beef Liver (100% Grass-Fed, ~1 lb","('8.99', '')",True,"('6.99', '')",Tyner
"Beef Soup Bones (100% Grass-Fed, 2 lb","('15.99', '')",False,,Tyner
Beef Brisket (100% Grass-fed),"('31.64', '')",False,,Tyner
Grass-Fed Beef Patties (2 oz Sliders),"('9.99', '')",False,,Tyner
Ground Chuck,"('8.49', '')",False,,Tyner
Flank Steak 100% grass fed,"('16.95', '')",False,,Tyner
Fajita Strips (100% Grass Fed),"('11.59', '')",False,,Tyner
"Round Steak (100% Grass-Fed, ~1.5 lbs.)","('15.89', '')",True,"('13.99', '')",Tyner
Beef Marrow/Shank Bones ~-1- 1.5 lb,"('14.99', '')",False,,Tyner
Grass-Fed Pinwheel/Skirt Steak,"('7.99', '')",False,,Tyner
Ground Round,"('8.49', '')",False,,Tyner
Beef Heart,"('11.47', '')",False,,Tyner
TBone Steak (100% Grass-Fed),"('24.49', '')",False,,Tyner
Ground Sirloin,"('8.99', '')",False,,Tyner
BEEF TONGUE,"('7.99', '')",False,,Tyner
Grass-Fed Porterhouse Steak 16oz,"('24.99', '')",False,,Tyner
Beef Oxtail,"('10.29', '')",False,,Tyner
Tri-Tip Roast Grass-Fed,"('19.99', '')",False,,Tyner
1/8 Grass Fed ,"('49.00', '')",True,"('29.00', '')",Tyner
